{
  "images" : [
    {
      "size" : "16x16",
      "idiom" : "mac",
      "filename" : "icon 2-8.png",
      "scale" : "1x"
    },
    {
      "size" : "16x16",
      "idiom" : "mac",
      "filename" : "icon 2-7.png",
      "scale" : "2x"
    },
    {
      "size" : "32x32",
      "idiom" : "mac",
      "filename" : "icon 2-6.png",
      "scale" : "1x"
    },
    {
      "size" : "32x32",
      "idiom" : "mac",
      "filename" : "icon 2-5.png",
      "scale" : "2x"
    },
    {
      "size" : "128x128",
      "idiom" : "mac",
      "filename" : "icon 2-4.png",
      "scale" : "1x"
    },
    {
      "size" : "128x128",
      "idiom" : "mac",
      "filename" : "icon 2-3.png",
      "scale" : "2x"
    },
    {
      "size" : "256x256",
      "idiom" : "mac",
      "filename" : "icon 2-2.png",
      "scale" : "1x"
    },
    {
      "size" : "256x256",
      "idiom" : "mac",
      "filename" : "icon 2-1.png",
      "scale" : "2x"
    },
    {
      "size" : "512x512",
      "idiom" : "mac",
      "filename" : "icon 2.png",
      "scale" : "1x"
    },
    {
      "size" : "512x512",
      "idiom" : "mac",
      "filename" : "icon.png",
      "scale" : "2x"
    }
  ],
  "info" : {
    "version" : 1,
    "author" : "xcode"
  }
}